<ImportExportXml version="8.2.0002.1659" SolutionPackageVersion="8.2" languagecode="1033" generatedBy="CrmLive" xmlns:xsi="http://www.w3.org/2001/XMLSchema-instance">
  <SolutionManifest>
    <UniqueName>_ArtifactManagement</UniqueName>
    <LocalizedNames>
      <LocalizedName description="_Artifact Management" languagecode="1033" />
    </LocalizedNames>
    <Descriptions>
      <Description description="1.0.0.1 Forgot Account Delete SDK Message Processing Step&#xA;1.0 Exportable Solution of Artifact Management Complete&#xA;0.0.1.0  Artifact and Artifact Rule Entities Form and Active View for each created.&#xA;Generic Artifact Management migrated from PSOB Document Management" languagecode="1033" />
    </Descriptions>
    <Version>1.0.0.1</Version>
    <Managed>0</Managed>
    <Publisher>
      <UniqueName>microsoftconsultingservices</UniqueName>
      <LocalizedNames>
        <LocalizedName description="Microsoft Consulting Services" languagecode="1033" />
      </LocalizedNames>
      <Descriptions />
      <EMailAddress xsi:nil="true"></EMailAddress>
      <SupportingWebsiteUrl xsi:nil="true"></SupportingWebsiteUrl>
      <CustomizationPrefix>mcs</CustomizationPrefix>
      <CustomizationOptionValuePrefix>10000</CustomizationOptionValuePrefix>
      <Addresses>
        <Address>
          <AddressNumber>1</AddressNumber>
          <AddressTypeCode>1</AddressTypeCode>
          <City xsi:nil="true"></City>
          <County xsi:nil="true"></County>
          <Country xsi:nil="true"></Country>
          <Fax xsi:nil="true"></Fax>
          <FreightTermsCode xsi:nil="true"></FreightTermsCode>
          <ImportSequenceNumber xsi:nil="true"></ImportSequenceNumber>
          <Latitude xsi:nil="true"></Latitude>
          <Line1 xsi:nil="true"></Line1>
          <Line2 xsi:nil="true"></Line2>
          <Line3 xsi:nil="true"></Line3>
          <Longitude xsi:nil="true"></Longitude>
          <Name xsi:nil="true"></Name>
          <PostalCode xsi:nil="true"></PostalCode>
          <PostOfficeBox xsi:nil="true"></PostOfficeBox>
          <PrimaryContactName xsi:nil="true"></PrimaryContactName>
          <ShippingMethodCode>1</ShippingMethodCode>
          <StateOrProvince xsi:nil="true"></StateOrProvince>
          <Telephone1 xsi:nil="true"></Telephone1>
          <Telephone2 xsi:nil="true"></Telephone2>
          <Telephone3 xsi:nil="true"></Telephone3>
          <TimeZoneRuleVersionNumber xsi:nil="true"></TimeZoneRuleVersionNumber>
          <UPSZone xsi:nil="true"></UPSZone>
          <UTCOffset xsi:nil="true"></UTCOffset>
          <UTCConversionTimeZoneCode xsi:nil="true"></UTCConversionTimeZoneCode>
        </Address>
        <Address>
          <AddressNumber>2</AddressNumber>
          <AddressTypeCode>1</AddressTypeCode>
          <City xsi:nil="true"></City>
          <County xsi:nil="true"></County>
          <Country xsi:nil="true"></Country>
          <Fax xsi:nil="true"></Fax>
          <FreightTermsCode xsi:nil="true"></FreightTermsCode>
          <ImportSequenceNumber xsi:nil="true"></ImportSequenceNumber>
          <Latitude xsi:nil="true"></Latitude>
          <Line1 xsi:nil="true"></Line1>
          <Line2 xsi:nil="true"></Line2>
          <Line3 xsi:nil="true"></Line3>
          <Longitude xsi:nil="true"></Longitude>
          <Name xsi:nil="true"></Name>
          <PostalCode xsi:nil="true"></PostalCode>
          <PostOfficeBox xsi:nil="true"></PostOfficeBox>
          <PrimaryContactName xsi:nil="true"></PrimaryContactName>
          <ShippingMethodCode>1</ShippingMethodCode>
          <StateOrProvince xsi:nil="true"></StateOrProvince>
          <Telephone1 xsi:nil="true"></Telephone1>
          <Telephone2 xsi:nil="true"></Telephone2>
          <Telephone3 xsi:nil="true"></Telephone3>
          <TimeZoneRuleVersionNumber xsi:nil="true"></TimeZoneRuleVersionNumber>
          <UPSZone xsi:nil="true"></UPSZone>
          <UTCOffset xsi:nil="true"></UTCOffset>
          <UTCConversionTimeZoneCode xsi:nil="true"></UTCConversionTimeZoneCode>
        </Address>
      </Addresses>
    </Publisher>
    <RootComponents>
      <RootComponent type="1" schemaName="mcs_artifact" behavior="0" />
      <RootComponent type="1" schemaName="mcs_artifactrule" behavior="0" />
      <RootComponent type="9" schemaName="mcs_artifacttypes" behavior="0" />
      <RootComponent type="29" id="{176deb84-8d75-4c50-9c92-d285c0abfac6}" behavior="0" />
      <RootComponent type="29" id="{8fd39a1f-282a-40b0-99b3-67f3bd2979dc}" behavior="0" />
      <RootComponent type="29" id="{f573ef00-85c3-4629-88cb-aa6714199f23}" behavior="0" />
      <RootComponent type="29" id="{f6548153-0321-4751-b5c2-05424bcdb682}" behavior="0" />
      <RootComponent type="60" id="{91661c53-0cde-4b33-96ff-c298a52762e1}" behavior="0" />
      <RootComponent type="91" schemaName="MCS.ArtifactManagement, Version=1.0.0.0, Culture=neutral, PublicKeyToken=933fd3d8c3287462" behavior="0" />
      <RootComponent type="92" id="{8229716b-1564-e811-812c-1458d04dc8c8}" behavior="0" />
      <RootComponent type="92" id="{a0b1e9d6-e267-e811-8132-1458d04d06c8}" behavior="0" />
    </RootComponents>
    <MissingDependencies />
  </SolutionManifest>
</ImportExportXml>